year,title,authors,type,venue,doi_or_link,pdf_path,size_bytes,sha256
2026,A Strategic Framework for Trustworthy AI-Augmented Decision Intelligence,Rebeka Islam Tohfa; Tama Rani Kundu; Nafiz Imtiaz; Farzana Zannat; Volha Khomich; Shadman Mahmud,Published journal article,"International Journal of Applied Data Analytics, Volume 1, Issue 1",https://doi.org/10.51137/wrp.ijada.693,papers/A-Strategic-Framework-for-Trustworthy-AI-Augmented-Decision-Intelligence.pdf,934841,d2e13f1aeac9adfcd41b97a0380fe082007db558646dd642950ddfba9aa66447
2026,Data-Driven Dashboards for Enhancing Investor Reporting Transparency in American Capital Markets,Farzana Zannat; Tama Rani Kundu; Rebeka Islam Tohfa; Nafiz Imtiaz; Shadman Mahmud,Working paper / preprint,SSRN working-paper file 6391978,https://papers.ssrn.com/sol3/papers.cfm?abstract_id=6391978,papers/Data-Driven-Dashboards-for-Enhancing-Investor-Reporting-Transparency-in-American-Capital-Markets.pdf,1297912,60aad2b9d602a995dc29f87a884abc75ab4da8542991485a25c457fcefe6d5c6
2026,Edge AI-Driven Teaching Activity Monitoring: A Privacy-Preserving and Energy-Efficient Framework for Rural Governance,Author list not displayed in the supplied PDF,Manuscript,Supplied manuscript PDF,,papers/Edge-AI-Driven-Teaching-Activity-Monitoring-A-Privacy-Preserving-and-Energy-Efficient-Framework-for-Rural-Governance.pdf,56713082,e6397032b88f1ac7886b91c0c0f15d677de5090c39e7c400097e57ee2102b65c
2026,ESP32-S3-Based TinyML Framework with FMCW Radar and Event-Driven Vision for Low-Power Teaching Activity Recognition,Author list not displayed in the supplied PDF,Manuscript,Supplied manuscript PDF,,papers/ESP32-S3-Based-TinyML-Framework-with-FMCW-Radar-and-Event-Driven-Vision-for-Low-Power-Teaching-Activity-Recognition.pdf,922329,222619c04ca54b723521bf9e12ff1e4e13e6053191315529cd478eac02814c40
2026,From Prediction to Support: An Equity-Centered Adaptive Learning Analytics Framework for Workforce Readiness,Author list not displayed in the supplied PDF,Framework manuscript,Supplied manuscript PDF,,papers/From-Prediction-to-Support-An-Equity-Centered-Adaptive-Learning-Analytics-Framework-for-Workforce-Readiness.pdf,1625717,ad4b305e7d6fd7d447ab7d4d905ed25d9bcc2b9d25b2dc69c54a866a8d83bb2f
2026,From Risk Registers to Uncertainty Observatories: Managing Shadow Generative AI Innovation Under High Risk and High Uncertainty,Author list not displayed in the supplied PDF,Manuscript,Supplied manuscript PDF,,papers/From-Risk-Registers-to-Uncertainty-Observatories-Managing-Shadow-Generative-AI-Innovation-Under-High-Risk-and-High-Uncertainty.pdf,10698968,5d013276398c2dde6e349bc07828427abcd41cfc81568f96979d8771e64fd8c6
2026,Learner-Risk Analytics for Workforce-Oriented Postsecondary Pathways: A Pre-Pilot Evaluation Framework,Author list not displayed in the supplied PDF,Manuscript / pre-pilot framework,Supplied manuscript PDF,,papers/Learner-Risk-Analytics-for-Workforce-Oriented-Postsecondary-Pathways-A-Pre-Pilot-Evaluation-Framework.pdf,5756979,f6f4f0b1a00561ebccd286ad8725357b3252eca9cb992d83033ae5eb7dc44a68
2025,AI and Blockchain Integration: Driving Strategic Business Advancements in the Intelligent Era,Ishrak Alim; Nafiz Imtiaz; Abdullah Al Prince; MD Asif Hasan,Published journal article,"Journal of Engineering and Computational Intelligence Review, Volume 3, Issue 2",https://jecir.com/,papers/AI-and-Blockchain-Integration-Driving-Strategic-Business-Advancements-in-the-Intelligent-Era.pdf,1056612,2cba4476f559e18ab9d5dd890cca609c049e51ce901115d72875cfdaa1044365
2025,Governance Readiness Beyond Predictive Performance: An Empirical Benchmark for Higher-Education Early Warning Systems,Nafiz Imtiaz; Tama Rani Kundu; Ankita Roy; Md Ikram Hossain Bhuiyan; Koushikur Rahman; Md Kamrul Islam,Published open-access journal article,"Frontiers in Computer Science and Artificial Intelligence, pages 49-65",https://doi.org/10.32996/fcsai.2025.4.5.6X,papers/Governance-Readiness-Beyond-Predictive-Performance-An-Empirical-Benchmark-for-Higher-Education-Early-Warning-Systems.pdf,773922,9005d50746a5c34b6766b2633a1043dfaacc00074fc5f1a1fa69e3dc1dcb5f7e
2025,Leveraging AI for Data-Driven Decision Making and Automation in the USA Education Sector,Nafiz Imtiaz; Farzana Zannat; Sadia Ahmed; Md Asif Hasan; Shadman Mahmud,Published open-access journal article,"Journal of Economics, Management & Business Administration, Volume 4, Number 1, pages 87-106",https://journals.airsd.org/index.php/jemba/index,papers/Leveraging-AI-for-Data-Driven-Decision-Making-and-Automation-in-the-USA-Education-Sector.pdf,995618,0ee1da8a23831a407296a95ea871da30a9444c5d61cdf378cc882be88a1dfa7d
2025,Transforming Business Analytics: The Impact of Machine Learning on Performance Prediction in US Financial Sectors,Nafiz Imtiaz; Farzana Zannat; Manoj Kumar Vengaladas; Shadman Mahmud; MD Asif Hasan,Published journal article,"Journal of Business Insight and Innovation, Volume 4, Issue 1",https://insightfuljournals.com/,papers/Transforming-Business-Analytics-The-Impact-of-Machine-Learning-on-Performance-Prediction-in-US-Financial-Sectors.pdf,1157886,cd46988d75f6edc220b1c79ef2749cd1003bc877fdc32f06d127b91ba4089811
2024,Optimizing Stroke Prediction Models for Real-World Application: Tackling Data Imbalance Without Synthetic Samples,Md. Amimul Ihsan; Abrar Faiaz Eram; Nafiz Imtiaz; Aliva Sadnim Mahmud; Marwan Mostafa Khadem; Lutfun Nahar,Conference abstract,IEEE Computer Society Bangladesh Chapter Symposium 2024,,papers/Optimizing-Stroke-Prediction-Models-for-Real-World-Application-Tackling-Data-Imbalance-Without-Synthetic-Samples.pdf,69700,21f54f93387e005f291814f267af022d876a1f3428bdba9d0fc68a4781d3f8b2
2023,Embracing Data-Driven Process Optimization to Highly Transform Instructional Administration in Higher Education Institutions,Nafiz Imtiaz; Md Zillul Karim,Published journal article,Business and Social Sciences Research,https://doi.org/10.25163/business.1110399,papers/Embracing-Data-Driven-Process-Optimization-to-Highly-Transform-Instructional-Administration-in-Higher-Education-Institutions.pdf,458077,4c05b63a70531cc6828b3fdaeed67bb736674085f0a3956cd34254c3f4ec3802
2020,Overcoming Data Excess to Improve Decision-Making and Information Systems Plans for Organizational Performance,Proggo Choudhury; Nafiz Imtiaz,Published journal article,Primeasia Research,https://doi.org/10.25163/primeasia.1110403,papers/Overcoming-Data-Excess-to-Improve-Decision-Making-and-Information-Systems-Plans-for-Organizational-Performance.pdf,314773,07a3b1f747b2884454029bb599a53580f57b828a12f63888c8ca12a2a00f2fd9
